{"cameraMode":{"drawMode":0,"name":"Shaded","section":"Shading Mode"},"sceneLighting":true,"audioPlay":false,"sceneViewState":{"showFog":true,"showMaterialUpdate":false,"showSkybox":true,"showFlares":true,"showImageEffects":true,"showParticleSystems":true},"in2DMode":false,"pivot":{"x":0.0,"y":0.1329345703125,"z":0.024066925048828126},"rotation":{"x":0.00013829446106683463,"y":0.9970499873161316,"z":-0.07673435658216477,"w":0.001795368269085884},"size":100.74012756347656,"orthographic":false}